Product Id,Product Handle,Product Title,Product Subtitle,Product Description,Product Status,Product Thumbnail,Product Weight,Product Length,Product Width,Product Height,Product HS Code,Product Origin Country,Product MID Code,Product Material,Shipping Profile Id,Product Sales Channel 1,Product Collection Id,Product Type Id,Product Tag 1,Product Discountable,Product External Id,Variant Id,Variant Title,Variant SKU,Variant Barcode,Variant Allow Backorder,Variant Manage Inventory,Variant Weight,Variant Length,Variant Width,Variant Height,Variant HS Code,Variant Origin Country,Variant MID Code,Variant Material,Variant Price PEN,Variant Price USD,Variant Option 1 Name,Variant Option 1 Value,Product Image 1 Url,Product Image 2 Url,Product Image 3 Url,Product Image 4 Url
prod_01KWQ3F3M5W60EXYRT2VJMA43D,plumon-1-5plz-blanco-pol,Plumón Hipoalergénico,,"Consigue un descanso superior con nuestro Plumón Hipoalergénico, diseñado para brindar suavidad, abrigo y confort cada noche. Su relleno de microfibra hipoalergénica es ideal para quienes buscan una alternativa ligera y cómoda a las plumas tradicionales",published,https://bucket.mach-home.com/24%20Plum%C3%B3n%20Hipoalergenico/plumon1.webp,,230,170,,,,,100% Microfibra,,,,,,TRUE,,variant_01KWQ3F3PPS54KBMM53MWB9HYR,1.5 plz,24020204011,,FALSE,TRUE,,,,,,,,,116.9,,Tamaño,1.5 plz,https://bucket.mach-home.com/24%20Plum%C3%B3n%20Hipoalergenico/plumon1.webp,https://bucket.mach-home.com/24%20Plum%C3%B3n%20Hipoalergenico/1.webp,https://bucket.mach-home.com/24%20Plum%C3%B3n%20Hipoalergenico/4.webp,https://bucket.mach-home.com/24%20Plum%C3%B3n%20Hipoalergenico/5.webp
prod_01KWQ3F3M5WMDYPJ76VH5A1T3N,plumon-2plz-blanco-pol,Plumón Hipoalergénico,,"Consigue un descanso superior con nuestro Plumón Hipoalergénico, diseñado para brindar suavidad, abrigo y confort cada noche. Su relleno de microfibra hipoalergénica es ideal para quienes buscan una alternativa ligera y cómoda a las plumas tradicionales",published,https://bucket.mach-home.com/24%20Plum%C3%B3n%20Hipoalergenico/plumon1.webp,,230,200,,,,,100% Microfibra,,,,,,TRUE,,variant_01KWQ3F3PPF575T57W5CZ5S88Y,2 plz,24020204012,,FALSE,TRUE,,,,,,,,,140.9,,Tamaño,2 plz,https://bucket.mach-home.com/24%20Plum%C3%B3n%20Hipoalergenico/plumon1.webp,https://bucket.mach-home.com/24%20Plum%C3%B3n%20Hipoalergenico/1.webp,https://bucket.mach-home.com/24%20Plum%C3%B3n%20Hipoalergenico/4.webp,https://bucket.mach-home.com/24%20Plum%C3%B3n%20Hipoalergenico/5.webp
prod_01KWQ3F3M5QQQHKPCAWEE7JKE3,plumon-queen-blanco-pol,Plumón Hipoalergénico,,"Consigue un descanso superior con nuestro Plumón Hipoalergénico, diseñado para brindar suavidad, abrigo y confort cada noche. Su relleno de microfibra hipoalergénica es ideal para quienes buscan una alternativa ligera y cómoda a las plumas tradicionales",published,https://bucket.mach-home.com/24%20Plum%C3%B3n%20Hipoalergenico/plumon1.webp,,250,235,,,,,100% Microfibra,,,,,,TRUE,,variant_01KWQ3F3PP4AEWRJ2PDEAP9HQ6,Queen,24020204013,,FALSE,TRUE,,,,,,,,,175.9,,Tamaño,Queen,https://bucket.mach-home.com/24%20Plum%C3%B3n%20Hipoalergenico/plumon1.webp,https://bucket.mach-home.com/24%20Plum%C3%B3n%20Hipoalergenico/1.webp,https://bucket.mach-home.com/24%20Plum%C3%B3n%20Hipoalergenico/4.webp,https://bucket.mach-home.com/24%20Plum%C3%B3n%20Hipoalergenico/5.webp
prod_01KWQ3F3M59BDTJN42GKJ7NDY4,plumon-king-blanco-pol,Plumón Hipoalergénico,,"Consigue un descanso superior con nuestro Plumón Hipoalergénico, diseñado para brindar suavidad, abrigo y confort cada noche. Su relleno de microfibra hipoalergénica es ideal para quienes buscan una alternativa ligera y cómoda a las plumas tradicionales",published,https://bucket.mach-home.com/24%20Plum%C3%B3n%20Hipoalergenico/plumon1.webp,,250,280,,,,,100% Microfibra,,,,,,TRUE,,variant_01KWQ3F3PPWKGYM8KWT52J1RV2,King,24020204014,,FALSE,TRUE,,,,,,,,,198.9,,Tamaño,King,https://bucket.mach-home.com/24%20Plum%C3%B3n%20Hipoalergenico/plumon1.webp,https://bucket.mach-home.com/24%20Plum%C3%B3n%20Hipoalergenico/1.webp,https://bucket.mach-home.com/24%20Plum%C3%B3n%20Hipoalergenico/4.webp,https://bucket.mach-home.com/24%20Plum%C3%B3n%20Hipoalergenico/5.webp
prod_01KWQ3F3M5D41A5FY70AY81560,fu-plumonco-1-5plz-verde-alg,Funda Plumón Verde Pastel,,"Nuestras fundas de plumón 100% algodón de 200 hilos brindan suavidad, frescura y confort para un descanso más cómodo cada noche. Gracias a su composición hipoalergénica y transpirable, ayudan a absorber la humedad, siendo ideales para usar durante todo el año. Además, cuentan con sujetadores internos que permiten fijar el plumón y evitar que se deslice dentro de la funda, siendo el complemento ideal para usar junto a los plumones MACH HOME.",published,https://bucket.mach-home.com/25%20Funda%20Plum%C3%B3n%20Verde%20Pastel/Verde%20Algodon.webp,,230,170,,,,,100% Algodón 200 Hilos,,,,,,TRUE,,variant_01KWQ3F3PP5A6Z3AQBVT081JJ0,1.5 plz,24070303011,,FALSE,TRUE,,,,,,,,,136.9,,Tamaño,1.5 plz,https://bucket.mach-home.com/25%20Funda%20Plum%C3%B3n%20Verde%20Pastel/Verde%20Algodon.webp,https://bucket.mach-home.com/25%20Funda%20Plum%C3%B3n%20Verde%20Pastel/Verde%20Algodon%20(2).webp,https://bucket.mach-home.com/25%20Funda%20Plum%C3%B3n%20Verde%20Pastel/Verde%20Algodon%20(3).webp,https://bucket.mach-home.com/25%20Funda%20Plum%C3%B3n%20Verde%20Pastel/Verde%20Algodon%20(4).webp
prod_01KWQ3F3M5F24ADKB6P7BGCQV3,fu-plumonco-2plz-verde-alg,Funda Plumón Verde Pastel,,"Nuestras fundas de plumón 100% algodón de 200 hilos brindan suavidad, frescura y confort para un descanso más cómodo cada noche. Gracias a su composición hipoalergénica y transpirable, ayudan a absorber la humedad, siendo ideales para usar durante todo el año. Además, cuentan con sujetadores internos que permiten fijar el plumón y evitar que se deslice dentro de la funda, siendo el complemento ideal para usar junto a los plumones MACH HOME.",published,https://bucket.mach-home.com/25%20Funda%20Plum%C3%B3n%20Verde%20Pastel/Verde%20Algodon.webp,,230,200,,,,,100% Algodón 200 Hilos,,,,,,TRUE,,variant_01KWQ3F3PPYBBX277AH4QDY7AM,2 plz,24070303012,,FALSE,TRUE,,,,,,,,,164.9,,Tamaño,2 plz,https://bucket.mach-home.com/25%20Funda%20Plum%C3%B3n%20Verde%20Pastel/Verde%20Algodon.webp,https://bucket.mach-home.com/25%20Funda%20Plum%C3%B3n%20Verde%20Pastel/Verde%20Algodon%20(2).webp,https://bucket.mach-home.com/25%20Funda%20Plum%C3%B3n%20Verde%20Pastel/Verde%20Algodon%20(3).webp,https://bucket.mach-home.com/25%20Funda%20Plum%C3%B3n%20Verde%20Pastel/Verde%20Algodon%20(4).webp
prod_01KWQ3F3M5J1RQN8AN8Y93TAAE,fu-plumonco-queen-verde-alg,Funda Plumón Verde Pastel,,"Nuestras fundas de plumón 100% algodón de 200 hilos brindan suavidad, frescura y confort para un descanso más cómodo cada noche. Gracias a su composición hipoalergénica y transpirable, ayudan a absorber la humedad, siendo ideales para usar durante todo el año. Además, cuentan con sujetadores internos que permiten fijar el plumón y evitar que se deslice dentro de la funda, siendo el complemento ideal para usar junto a los plumones MACH HOME.",published,https://bucket.mach-home.com/25%20Funda%20Plum%C3%B3n%20Verde%20Pastel/Verde%20Algodon.webp,,250,235,,,,,100% Algodón 200 Hilos,,,,,,TRUE,,variant_01KWQ3F3PP5DB65KXH32PYCHFB,Queen,24070303013,,FALSE,TRUE,,,,,,,,,198.9,,Tamaño,Queen,https://bucket.mach-home.com/25%20Funda%20Plum%C3%B3n%20Verde%20Pastel/Verde%20Algodon.webp,https://bucket.mach-home.com/25%20Funda%20Plum%C3%B3n%20Verde%20Pastel/Verde%20Algodon%20(2).webp,https://bucket.mach-home.com/25%20Funda%20Plum%C3%B3n%20Verde%20Pastel/Verde%20Algodon%20(3).webp,https://bucket.mach-home.com/25%20Funda%20Plum%C3%B3n%20Verde%20Pastel/Verde%20Algodon%20(4).webp
prod_01KWQ3F3M5EGFCGV8VGJDKS6RW,fu-plumonco-king-verde-alg,Funda Plumón Verde Pastel,,"Nuestras fundas de plumón 100% algodón de 200 hilos brindan suavidad, frescura y confort para un descanso más cómodo cada noche. Gracias a su composición hipoalergénica y transpirable, ayudan a absorber la humedad, siendo ideales para usar durante todo el año. Además, cuentan con sujetadores internos que permiten fijar el plumón y evitar que se deslice dentro de la funda, siendo el complemento ideal para usar junto a los plumones MACH HOME.",published,https://bucket.mach-home.com/25%20Funda%20Plum%C3%B3n%20Verde%20Pastel/Verde%20Algodon.webp,,250,280,,,,,100% Algodón 200 Hilos,,,,,,TRUE,,variant_01KWQ3F3PPQZYXEYZWYNDWNPH4,King,24070303014,,FALSE,TRUE,,,,,,,,,219.9,,Tamaño,King,https://bucket.mach-home.com/25%20Funda%20Plum%C3%B3n%20Verde%20Pastel/Verde%20Algodon.webp,https://bucket.mach-home.com/25%20Funda%20Plum%C3%B3n%20Verde%20Pastel/Verde%20Algodon%20(2).webp,https://bucket.mach-home.com/25%20Funda%20Plum%C3%B3n%20Verde%20Pastel/Verde%20Algodon%20(3).webp,https://bucket.mach-home.com/25%20Funda%20Plum%C3%B3n%20Verde%20Pastel/Verde%20Algodon%20(4).webp
prod_01KWQ3F3M5721YPKESKXPA10SN,fu-plumonco-1-5plz-rosado-alg,Funda Plumón Rosado Pastel,,"Nuestras fundas de plumón 100% algodón de 200 hilos brindan suavidad, frescura y confort para un descanso más cómodo cada noche. Gracias a su composición hipoalergénica y transpirable, ayudan a absorber la humedad, siendo ideales para usar durante todo el año. Además, cuentan con sujetadores internos que permiten fijar el plumón y evitar que se deslice dentro de la funda, siendo el complemento ideal para usar junto a los plumones MACH HOME.",published,https://bucket.mach-home.com/26%20Funda%20Plum%C3%B3n%20Rosado%20Pastel/Rosado%20Algodon.webp,,230,170,,,,,100% Algodón 200 Hilos,,,,,,TRUE,,variant_01KWQ3F3PPNV2MMKGR024W5V8M,1.5 plz,24130303011,,FALSE,TRUE,,,,,,,,,136.9,,Tamaño,1.5 plz,https://bucket.mach-home.com/26%20Funda%20Plum%C3%B3n%20Rosado%20Pastel/Rosado%20Algodon.webp,https://bucket.mach-home.com/26%20Funda%20Plum%C3%B3n%20Rosado%20Pastel/Rosado%20Algodon%20(2).webp,https://bucket.mach-home.com/26%20Funda%20Plum%C3%B3n%20Rosado%20Pastel/Rosado%20Algodon%20(3).webp,https://bucket.mach-home.com/26%20Funda%20Plum%C3%B3n%20Rosado%20Pastel/Rosado%20Algodon%20(4).webp
prod_01KWQ3F3M59DRP99J06TK03JT6,fu-plumonco-2plz-rosado-alg,Funda Plumón Rosado Pastel,,"Nuestras fundas de plumón 100% algodón de 200 hilos brindan suavidad, frescura y confort para un descanso más cómodo cada noche. Gracias a su composición hipoalergénica y transpirable, ayudan a absorber la humedad, siendo ideales para usar durante todo el año. Además, cuentan con sujetadores internos que permiten fijar el plumón y evitar que se deslice dentro de la funda, siendo el complemento ideal para usar junto a los plumones MACH HOME.",published,https://bucket.mach-home.com/26%20Funda%20Plum%C3%B3n%20Rosado%20Pastel/Rosado%20Algodon.webp,,230,200,,,,,100% Algodón 200 Hilos,,,,,,TRUE,,variant_01KWQ3F3PPFF228MK9ZG2V18VA,2 plz,24130303012,,FALSE,TRUE,,,,,,,,,164.9,,Tamaño,2 plz,https://bucket.mach-home.com/26%20Funda%20Plum%C3%B3n%20Rosado%20Pastel/Rosado%20Algodon.webp,https://bucket.mach-home.com/26%20Funda%20Plum%C3%B3n%20Rosado%20Pastel/Rosado%20Algodon%20(2).webp,https://bucket.mach-home.com/26%20Funda%20Plum%C3%B3n%20Rosado%20Pastel/Rosado%20Algodon%20(3).webp,https://bucket.mach-home.com/26%20Funda%20Plum%C3%B3n%20Rosado%20Pastel/Rosado%20Algodon%20(4).webp
prod_01KWQ3F3M54ZB03RVVPZEV83N8,fu-plumonco-queen-rosado-alg,Funda Plumón Rosado Pastel,,"Nuestras fundas de plumón 100% algodón de 200 hilos brindan suavidad, frescura y confort para un descanso más cómodo cada noche. Gracias a su composición hipoalergénica y transpirable, ayudan a absorber la humedad, siendo ideales para usar durante todo el año. Además, cuentan con sujetadores internos que permiten fijar el plumón y evitar que se deslice dentro de la funda, siendo el complemento ideal para usar junto a los plumones MACH HOME.",published,https://bucket.mach-home.com/26%20Funda%20Plum%C3%B3n%20Rosado%20Pastel/Rosado%20Algodon.webp,,250,235,,,,,100% Algodón 200 Hilos,,,,,,TRUE,,variant_01KWQ3F3PPF8GAVPVDMC7VXF57,Queen,24130303013,,FALSE,TRUE,,,,,,,,,198.9,,Tamaño,Queen,https://bucket.mach-home.com/26%20Funda%20Plum%C3%B3n%20Rosado%20Pastel/Rosado%20Algodon.webp,https://bucket.mach-home.com/26%20Funda%20Plum%C3%B3n%20Rosado%20Pastel/Rosado%20Algodon%20(2).webp,https://bucket.mach-home.com/26%20Funda%20Plum%C3%B3n%20Rosado%20Pastel/Rosado%20Algodon%20(3).webp,https://bucket.mach-home.com/26%20Funda%20Plum%C3%B3n%20Rosado%20Pastel/Rosado%20Algodon%20(4).webp
prod_01KWQ3F3M5ZHJGWAVK994BWTM0,fu-plumonco-king-rosado-alg,Funda Plumón Rosado Pastel,,"Nuestras fundas de plumón 100% algodón de 200 hilos brindan suavidad, frescura y confort para un descanso más cómodo cada noche. Gracias a su composición hipoalergénica y transpirable, ayudan a absorber la humedad, siendo ideales para usar durante todo el año. Además, cuentan con sujetadores internos que permiten fijar el plumón y evitar que se deslice dentro de la funda, siendo el complemento ideal para usar junto a los plumones MACH HOME.",published,https://bucket.mach-home.com/26%20Funda%20Plum%C3%B3n%20Rosado%20Pastel/Rosado%20Algodon.webp,,250,280,,,,,100% Algodón 200 Hilos,,,,,,TRUE,,variant_01KWQ3F3PP3G3QJKRDPZPZFT89,King,24130303014,,FALSE,TRUE,,,,,,,,,219.9,,Tamaño,King,https://bucket.mach-home.com/26%20Funda%20Plum%C3%B3n%20Rosado%20Pastel/Rosado%20Algodon.webp,https://bucket.mach-home.com/26%20Funda%20Plum%C3%B3n%20Rosado%20Pastel/Rosado%20Algodon%20(2).webp,https://bucket.mach-home.com/26%20Funda%20Plum%C3%B3n%20Rosado%20Pastel/Rosado%20Algodon%20(3).webp,https://bucket.mach-home.com/26%20Funda%20Plum%C3%B3n%20Rosado%20Pastel/Rosado%20Algodon%20(4).webp
prod_01KWQ3F3M576BTZY4R154XBFBY,fu-plumonco-1-5plz-azul-alg,Funda Plumón Azul Pastel,,"Nuestras fundas de plumón 100% algodón de 200 hilos brindan suavidad, frescura y confort para un descanso más cómodo cada noche. Gracias a su composición hipoalergénica y transpirable, ayudan a absorber la humedad, siendo ideales para usar durante todo el año. Además, cuentan con sujetadores internos que permiten fijar el plumón y evitar que se deslice dentro de la funda, siendo el complemento ideal para usar junto a los plumones MACH HOME.",published,https://bucket.mach-home.com/27%20Funda%20Plum%C3%B3n%20Azul%20Pastel/Azul%20Algodon.webp,,230,170,,,,,100% Algodón 200 Hilos,,,,,,TRUE,,variant_01KWQ3F3PP9YGFCBHKXX7TWPQB,1.5 plz,24060303011,,FALSE,TRUE,,,,,,,,,136.9,,Tamaño,1.5 plz,https://bucket.mach-home.com/27%20Funda%20Plum%C3%B3n%20Azul%20Pastel/Azul%20Algodon.webp,https://bucket.mach-home.com/27%20Funda%20Plum%C3%B3n%20Azul%20Pastel/Azul%20Algodon%20(2).webp,https://bucket.mach-home.com/27%20Funda%20Plum%C3%B3n%20Azul%20Pastel/Azul%20Algodon%20(3).webp,https://bucket.mach-home.com/27%20Funda%20Plum%C3%B3n%20Azul%20Pastel/Azul%20Algodon%20(4).webp
prod_01KWQ3F3M5XCJ732Y1VE6APYEH,fu-plumonco-2plz-azul-alg,Funda Plumón Azul Pastel,,"Nuestras fundas de plumón 100% algodón de 200 hilos brindan suavidad, frescura y confort para un descanso más cómodo cada noche. Gracias a su composición hipoalergénica y transpirable, ayudan a absorber la humedad, siendo ideales para usar durante todo el año. Además, cuentan con sujetadores internos que permiten fijar el plumón y evitar que se deslice dentro de la funda, siendo el complemento ideal para usar junto a los plumones MACH HOME.",published,https://bucket.mach-home.com/27%20Funda%20Plum%C3%B3n%20Azul%20Pastel/Azul%20Algodon.webp,,230,200,,,,,100% Algodón 200 Hilos,,,,,,TRUE,,variant_01KWQ3F3PPZX1DCFK0VT7HVN75,2 plz,24060303012,,FALSE,TRUE,,,,,,,,,164.9,,Tamaño,2 plz,https://bucket.mach-home.com/27%20Funda%20Plum%C3%B3n%20Azul%20Pastel/Azul%20Algodon.webp,https://bucket.mach-home.com/27%20Funda%20Plum%C3%B3n%20Azul%20Pastel/Azul%20Algodon%20(2).webp,https://bucket.mach-home.com/27%20Funda%20Plum%C3%B3n%20Azul%20Pastel/Azul%20Algodon%20(3).webp,https://bucket.mach-home.com/27%20Funda%20Plum%C3%B3n%20Azul%20Pastel/Azul%20Algodon%20(4).webp
prod_01KWQ3F3M5QDYKN6GHZN1JSRHV,fu-plumonco-queen-azul-alg,Funda Plumón Azul Pastel,,"Nuestras fundas de plumón 100% algodón de 200 hilos brindan suavidad, frescura y confort para un descanso más cómodo cada noche. Gracias a su composición hipoalergénica y transpirable, ayudan a absorber la humedad, siendo ideales para usar durante todo el año. Además, cuentan con sujetadores internos que permiten fijar el plumón y evitar que se deslice dentro de la funda, siendo el complemento ideal para usar junto a los plumones MACH HOME.",published,https://bucket.mach-home.com/27%20Funda%20Plum%C3%B3n%20Azul%20Pastel/Azul%20Algodon.webp,,250,235,,,,,100% Algodón 200 Hilos,,,,,,TRUE,,variant_01KWQ3F3PPPKCZR7FY1W3PJ4RH,Queen,24060303013,,FALSE,TRUE,,,,,,,,,198.9,,Tamaño,Queen,https://bucket.mach-home.com/27%20Funda%20Plum%C3%B3n%20Azul%20Pastel/Azul%20Algodon.webp,https://bucket.mach-home.com/27%20Funda%20Plum%C3%B3n%20Azul%20Pastel/Azul%20Algodon%20(2).webp,https://bucket.mach-home.com/27%20Funda%20Plum%C3%B3n%20Azul%20Pastel/Azul%20Algodon%20(3).webp,https://bucket.mach-home.com/27%20Funda%20Plum%C3%B3n%20Azul%20Pastel/Azul%20Algodon%20(4).webp
prod_01KWQ3F3M5GBM65TH1CTRXKPGV,fu-plumonco-king-azul-alg,Funda Plumón Azul Pastel,,"Nuestras fundas de plumón 100% algodón de 200 hilos brindan suavidad, frescura y confort para un descanso más cómodo cada noche. Gracias a su composición hipoalergénica y transpirable, ayudan a absorber la humedad, siendo ideales para usar durante todo el año. Además, cuentan con sujetadores internos que permiten fijar el plumón y evitar que se deslice dentro de la funda, siendo el complemento ideal para usar junto a los plumones MACH HOME.",published,https://bucket.mach-home.com/27%20Funda%20Plum%C3%B3n%20Azul%20Pastel/Azul%20Algodon.webp,,250,280,,,,,100% Algodón 200 Hilos,,,,,,TRUE,,variant_01KWQ3F3PPEFABDNG6248J83PX,King,24060303014,,FALSE,TRUE,,,,,,,,,219.9,,Tamaño,King,https://bucket.mach-home.com/27%20Funda%20Plum%C3%B3n%20Azul%20Pastel/Azul%20Algodon.webp,https://bucket.mach-home.com/27%20Funda%20Plum%C3%B3n%20Azul%20Pastel/Azul%20Algodon%20(2).webp,https://bucket.mach-home.com/27%20Funda%20Plum%C3%B3n%20Azul%20Pastel/Azul%20Algodon%20(3).webp,https://bucket.mach-home.com/27%20Funda%20Plum%C3%B3n%20Azul%20Pastel/Azul%20Algodon%20(4).webp
prod_01KWQ3F3M5W3GRQNXX4XV91QF0,fu-plumonco-1-5plz-rosado-pes,Funda Plumón Rosado,,"Nuestras fundas de plumón de microfibra destacan por su suavidad, ligereza y fácil mantenimiento, brindando una experiencia de descanso cómoda y acogedora. Su tejido resistente ayuda a conservar su apariencia lavado tras lavado, mientras que sus sujetadores internos permiten fijar el plumón y evitar desplazamientos dentro de la funda. Son el complemento ideal para usar junto a los plumones MACH HOME y disfrutar de una cama siempre ordenada y confortable.",published,https://bucket.mach-home.com/28%20Funda%20Plum%C3%B3n%20Rosado%20Microfibra/Rosado%20Poliester.webp,,230,170,,,,,100% Microfibra,,,,,,TRUE,,variant_01KWQ3F3PPMCYEZHDMD0P5S63D,1.5 plz,24130403011,,FALSE,TRUE,,,,,,,,,94.9,,Tamaño,1.5 plz,https://bucket.mach-home.com/28%20Funda%20Plum%C3%B3n%20Rosado%20Microfibra/Rosado%20Poliester.webp,https://bucket.mach-home.com/28%20Funda%20Plum%C3%B3n%20Rosado%20Microfibra/Rosado%20Poliester%20(2).webp,https://bucket.mach-home.com/28%20Funda%20Plum%C3%B3n%20Rosado%20Microfibra/Rosado%20Poliester%20(3).webp,https://bucket.mach-home.com/28%20Funda%20Plum%C3%B3n%20Rosado%20Microfibra/Rosado%20Poliester%20(4).webp
prod_01KWQ3F3M5WJFD9HBXYADTC2XX,fu-plumonco-2plz-rosado-pes,Funda Plumón Rosado,,"Nuestras fundas de plumón de microfibra destacan por su suavidad, ligereza y fácil mantenimiento, brindando una experiencia de descanso cómoda y acogedora. Su tejido resistente ayuda a conservar su apariencia lavado tras lavado, mientras que sus sujetadores internos permiten fijar el plumón y evitar desplazamientos dentro de la funda. Son el complemento ideal para usar junto a los plumones MACH HOME y disfrutar de una cama siempre ordenada y confortable.",published,https://bucket.mach-home.com/28%20Funda%20Plum%C3%B3n%20Rosado%20Microfibra/Rosado%20Poliester.webp,,230,200,,,,,100% Microfibra,,,,,,TRUE,,variant_01KWQ3F3PP2DFRDTYFRFWCTE67,2 plz,24130403012,,FALSE,TRUE,,,,,,,,,113.9,,Tamaño,2 plz,https://bucket.mach-home.com/28%20Funda%20Plum%C3%B3n%20Rosado%20Microfibra/Rosado%20Poliester.webp,https://bucket.mach-home.com/28%20Funda%20Plum%C3%B3n%20Rosado%20Microfibra/Rosado%20Poliester%20(2).webp,https://bucket.mach-home.com/28%20Funda%20Plum%C3%B3n%20Rosado%20Microfibra/Rosado%20Poliester%20(3).webp,https://bucket.mach-home.com/28%20Funda%20Plum%C3%B3n%20Rosado%20Microfibra/Rosado%20Poliester%20(4).webp
prod_01KWQ3F3M5PG9XV29TK6W24H0A,fu-plumonco-queen-rosado-pes,Funda Plumón Rosado,,"Nuestras fundas de plumón de microfibra destacan por su suavidad, ligereza y fácil mantenimiento, brindando una experiencia de descanso cómoda y acogedora. Su tejido resistente ayuda a conservar su apariencia lavado tras lavado, mientras que sus sujetadores internos permiten fijar el plumón y evitar desplazamientos dentro de la funda. Son el complemento ideal para usar junto a los plumones MACH HOME y disfrutar de una cama siempre ordenada y confortable.",published,https://bucket.mach-home.com/28%20Funda%20Plum%C3%B3n%20Rosado%20Microfibra/Rosado%20Poliester.webp,,250,235,,,,,100% Microfibra,,,,,,TRUE,,variant_01KWQ3F3PPCGCKJ7PC3RD7B8WX,Queen,24130403013,,FALSE,TRUE,,,,,,,,,132.9,,Tamaño,Queen,https://bucket.mach-home.com/28%20Funda%20Plum%C3%B3n%20Rosado%20Microfibra/Rosado%20Poliester.webp,https://bucket.mach-home.com/28%20Funda%20Plum%C3%B3n%20Rosado%20Microfibra/Rosado%20Poliester%20(2).webp,https://bucket.mach-home.com/28%20Funda%20Plum%C3%B3n%20Rosado%20Microfibra/Rosado%20Poliester%20(3).webp,https://bucket.mach-home.com/28%20Funda%20Plum%C3%B3n%20Rosado%20Microfibra/Rosado%20Poliester%20(4).webp
prod_01KWQ3F3M587PAZG8S0MWZM1PN,fu-plumonco-king-rosado-pes,Funda Plumón Rosado,,"Nuestras fundas de plumón de microfibra destacan por su suavidad, ligereza y fácil mantenimiento, brindando una experiencia de descanso cómoda y acogedora. Su tejido resistente ayuda a conservar su apariencia lavado tras lavado, mientras que sus sujetadores internos permiten fijar el plumón y evitar desplazamientos dentro de la funda. Son el complemento ideal para usar junto a los plumones MACH HOME y disfrutar de una cama siempre ordenada y confortable.",published,https://bucket.mach-home.com/28%20Funda%20Plum%C3%B3n%20Rosado%20Microfibra/Rosado%20Poliester.webp,,250,280,,,,,100% Microfibra,,,,,,TRUE,,variant_01KWQ3F3PPH56MG46XGEY98A29,King,24130403014,,FALSE,TRUE,,,,,,,,,151.9,,Tamaño,King,https://bucket.mach-home.com/28%20Funda%20Plum%C3%B3n%20Rosado%20Microfibra/Rosado%20Poliester.webp,https://bucket.mach-home.com/28%20Funda%20Plum%C3%B3n%20Rosado%20Microfibra/Rosado%20Poliester%20(2).webp,https://bucket.mach-home.com/28%20Funda%20Plum%C3%B3n%20Rosado%20Microfibra/Rosado%20Poliester%20(3).webp,https://bucket.mach-home.com/28%20Funda%20Plum%C3%B3n%20Rosado%20Microfibra/Rosado%20Poliester%20(4).webp
prod_01KWQ3F3M5ZBNVP9NRV4DKVHCR,fu-plumonco-1-5plz-azul-pes,Funda Plumón Azul,,"Nuestras fundas de plumón de microfibra destacan por su suavidad, ligereza y fácil mantenimiento, brindando una experiencia de descanso cómoda y acogedora. Su tejido resistente ayuda a conservar su apariencia lavado tras lavado, mientras que sus sujetadores internos permiten fijar el plumón y evitar desplazamientos dentro de la funda. Son el complemento ideal para usar junto a los plumones MACH HOME y disfrutar de una cama siempre ordenada y confortable.",published,https://bucket.mach-home.com/29%20Funda%20Plum%C3%B3n%20Azul%20Microfibra/Azul%20Poliester.webp,,230,170,,,,,100% Microfibra,,,,,,TRUE,,variant_01KWQ3F3PPZZH83Q5XZDPZQJ4F,1.5 plz,24060403011,,FALSE,TRUE,,,,,,,,,94.9,,Tamaño,1.5 plz,https://bucket.mach-home.com/29%20Funda%20Plum%C3%B3n%20Azul%20Microfibra/Azul%20Poliester.webp,https://bucket.mach-home.com/29%20Funda%20Plum%C3%B3n%20Azul%20Microfibra/Azul%20Poliester%20(2).webp,https://bucket.mach-home.com/29%20Funda%20Plum%C3%B3n%20Azul%20Microfibra/Azul%20Poliester%20(3).webp,https://bucket.mach-home.com/29%20Funda%20Plum%C3%B3n%20Azul%20Microfibra/Azul%20Poliester%20(4).webp
prod_01KWQ3F3M566015T4D7Y07MXEH,fu-plumonco-2plz-azul-pes,Funda Plumón Azul,,"Nuestras fundas de plumón de microfibra destacan por su suavidad, ligereza y fácil mantenimiento, brindando una experiencia de descanso cómoda y acogedora. Su tejido resistente ayuda a conservar su apariencia lavado tras lavado, mientras que sus sujetadores internos permiten fijar el plumón y evitar desplazamientos dentro de la funda. Son el complemento ideal para usar junto a los plumones MACH HOME y disfrutar de una cama siempre ordenada y confortable.",published,https://bucket.mach-home.com/29%20Funda%20Plum%C3%B3n%20Azul%20Microfibra/Azul%20Poliester.webp,,230,200,,,,,100% Microfibra,,,,,,TRUE,,variant_01KWQ3F3PPW4MRW6MC428TRQBE,2 plz,24060403012,,FALSE,TRUE,,,,,,,,,113.9,,Tamaño,2 plz,https://bucket.mach-home.com/29%20Funda%20Plum%C3%B3n%20Azul%20Microfibra/Azul%20Poliester.webp,https://bucket.mach-home.com/29%20Funda%20Plum%C3%B3n%20Azul%20Microfibra/Azul%20Poliester%20(2).webp,https://bucket.mach-home.com/29%20Funda%20Plum%C3%B3n%20Azul%20Microfibra/Azul%20Poliester%20(3).webp,https://bucket.mach-home.com/29%20Funda%20Plum%C3%B3n%20Azul%20Microfibra/Azul%20Poliester%20(4).webp
prod_01KWQ3F3M5KSNNBR5Z0KS71GVS,fu-plumonco-queen-azul-pes,Funda Plumón Azul,,"Nuestras fundas de plumón de microfibra destacan por su suavidad, ligereza y fácil mantenimiento, brindando una experiencia de descanso cómoda y acogedora. Su tejido resistente ayuda a conservar su apariencia lavado tras lavado, mientras que sus sujetadores internos permiten fijar el plumón y evitar desplazamientos dentro de la funda. Son el complemento ideal para usar junto a los plumones MACH HOME y disfrutar de una cama siempre ordenada y confortable.",published,https://bucket.mach-home.com/29%20Funda%20Plum%C3%B3n%20Azul%20Microfibra/Azul%20Poliester.webp,,250,235,,,,,100% Microfibra,,,,,,TRUE,,variant_01KWQ3F3PPV5Y0MCBPMRCR1V2Y,Queen,24060403013,,FALSE,TRUE,,,,,,,,,132.9,,Tamaño,Queen,https://bucket.mach-home.com/29%20Funda%20Plum%C3%B3n%20Azul%20Microfibra/Azul%20Poliester.webp,https://bucket.mach-home.com/29%20Funda%20Plum%C3%B3n%20Azul%20Microfibra/Azul%20Poliester%20(2).webp,https://bucket.mach-home.com/29%20Funda%20Plum%C3%B3n%20Azul%20Microfibra/Azul%20Poliester%20(3).webp,https://bucket.mach-home.com/29%20Funda%20Plum%C3%B3n%20Azul%20Microfibra/Azul%20Poliester%20(4).webp
prod_01KWQ3F3M5VRZPYD0QBP902GV5,fu-plumonco-king-azul-pes,Funda Plumón Azul,,"Nuestras fundas de plumón de microfibra destacan por su suavidad, ligereza y fácil mantenimiento, brindando una experiencia de descanso cómoda y acogedora. Su tejido resistente ayuda a conservar su apariencia lavado tras lavado, mientras que sus sujetadores internos permiten fijar el plumón y evitar desplazamientos dentro de la funda. Son el complemento ideal para usar junto a los plumones MACH HOME y disfrutar de una cama siempre ordenada y confortable.",published,https://bucket.mach-home.com/29%20Funda%20Plum%C3%B3n%20Azul%20Microfibra/Azul%20Poliester.webp,,250,280,,,,,100% Microfibra,,,,,,TRUE,,variant_01KWQ3F3PP1H482421J0GMS7QB,King,24060403014,,FALSE,TRUE,,,,,,,,,151.9,,Tamaño,King,https://bucket.mach-home.com/29%20Funda%20Plum%C3%B3n%20Azul%20Microfibra/Azul%20Poliester.webp,https://bucket.mach-home.com/29%20Funda%20Plum%C3%B3n%20Azul%20Microfibra/Azul%20Poliester%20(2).webp,https://bucket.mach-home.com/29%20Funda%20Plum%C3%B3n%20Azul%20Microfibra/Azul%20Poliester%20(3).webp,https://bucket.mach-home.com/29%20Funda%20Plum%C3%B3n%20Azul%20Microfibra/Azul%20Poliester%20(4).webp
prod_01KWQ3F3M6E2F5CJ7SW62DX05P,fu-plumonco-1-5plz-morado-pes,Funda Plumón Morado,,"Nuestras fundas de plumón de microfibra destacan por su suavidad, ligereza y fácil mantenimiento, brindando una experiencia de descanso cómoda y acogedora. Su tejido resistente ayuda a conservar su apariencia lavado tras lavado, mientras que sus sujetadores internos permiten fijar el plumón y evitar desplazamientos dentro de la funda. Son el complemento ideal para usar junto a los plumones MACH HOME y disfrutar de una cama siempre ordenada y confortable.",published,https://bucket.mach-home.com/30%20Funda%20Plum%C3%B3n%20Morado%20Microfibra/Morado%20Poliester.webp,,230,170,,,,,100% Microfibra,,,,,,TRUE,,variant_01KWQ3F3PPQWFXWNYFN4R3M44P,1.5 plz,24140403011,,FALSE,TRUE,,,,,,,,,94.9,,Tamaño,1.5 plz,https://bucket.mach-home.com/30%20Funda%20Plum%C3%B3n%20Morado%20Microfibra/Morado%20Poliester.webp,https://bucket.mach-home.com/30%20Funda%20Plum%C3%B3n%20Morado%20Microfibra/Morado%20Poliester%20(2).webp,https://bucket.mach-home.com/30%20Funda%20Plum%C3%B3n%20Morado%20Microfibra/Morado%20Poliester%20(3).webp,https://bucket.mach-home.com/30%20Funda%20Plum%C3%B3n%20Morado%20Microfibra/Morado%20Poliester%20(4).webp
prod_01KWQ3F3M6TC13DVS90F3RZ9XQ,fu-plumonco-2plz-morado-pes,Funda Plumón Morado,,"Nuestras fundas de plumón de microfibra destacan por su suavidad, ligereza y fácil mantenimiento, brindando una experiencia de descanso cómoda y acogedora. Su tejido resistente ayuda a conservar su apariencia lavado tras lavado, mientras que sus sujetadores internos permiten fijar el plumón y evitar desplazamientos dentro de la funda. Son el complemento ideal para usar junto a los plumones MACH HOME y disfrutar de una cama siempre ordenada y confortable.",published,https://bucket.mach-home.com/30%20Funda%20Plum%C3%B3n%20Morado%20Microfibra/Morado%20Poliester.webp,,230,200,,,,,100% Microfibra,,,,,,TRUE,,variant_01KWQ3F3PPTE5S22F3SA37M4TN,2 plz,24140403012,,FALSE,TRUE,,,,,,,,,113.9,,Tamaño,2 plz,https://bucket.mach-home.com/30%20Funda%20Plum%C3%B3n%20Morado%20Microfibra/Morado%20Poliester.webp,https://bucket.mach-home.com/30%20Funda%20Plum%C3%B3n%20Morado%20Microfibra/Morado%20Poliester%20(2).webp,https://bucket.mach-home.com/30%20Funda%20Plum%C3%B3n%20Morado%20Microfibra/Morado%20Poliester%20(3).webp,https://bucket.mach-home.com/30%20Funda%20Plum%C3%B3n%20Morado%20Microfibra/Morado%20Poliester%20(4).webp
prod_01KWQ3F3M6SPA9Z24PWGT08XDT,fu-plumonco-queen-morado-pes,Funda Plumón Morado,,"Nuestras fundas de plumón de microfibra destacan por su suavidad, ligereza y fácil mantenimiento, brindando una experiencia de descanso cómoda y acogedora. Su tejido resistente ayuda a conservar su apariencia lavado tras lavado, mientras que sus sujetadores internos permiten fijar el plumón y evitar desplazamientos dentro de la funda. Son el complemento ideal para usar junto a los plumones MACH HOME y disfrutar de una cama siempre ordenada y confortable.",published,https://bucket.mach-home.com/30%20Funda%20Plum%C3%B3n%20Morado%20Microfibra/Morado%20Poliester.webp,,250,235,,,,,100% Microfibra,,,,,,TRUE,,variant_01KWQ3F3PQ5ZXAYYZ7JST6V9VQ,Queen,24140403013,,FALSE,TRUE,,,,,,,,,132.9,,Tamaño,Queen,https://bucket.mach-home.com/30%20Funda%20Plum%C3%B3n%20Morado%20Microfibra/Morado%20Poliester.webp,https://bucket.mach-home.com/30%20Funda%20Plum%C3%B3n%20Morado%20Microfibra/Morado%20Poliester%20(2).webp,https://bucket.mach-home.com/30%20Funda%20Plum%C3%B3n%20Morado%20Microfibra/Morado%20Poliester%20(3).webp,https://bucket.mach-home.com/30%20Funda%20Plum%C3%B3n%20Morado%20Microfibra/Morado%20Poliester%20(4).webp
prod_01KWQ3F3M6W8MR0YEWSF4M9SM0,fu-plumonco-king-morado-pes,Funda Plumón Morado,,"Nuestras fundas de plumón de microfibra destacan por su suavidad, ligereza y fácil mantenimiento, brindando una experiencia de descanso cómoda y acogedora. Su tejido resistente ayuda a conservar su apariencia lavado tras lavado, mientras que sus sujetadores internos permiten fijar el plumón y evitar desplazamientos dentro de la funda. Son el complemento ideal para usar junto a los plumones MACH HOME y disfrutar de una cama siempre ordenada y confortable.",published,https://bucket.mach-home.com/30%20Funda%20Plum%C3%B3n%20Morado%20Microfibra/Morado%20Poliester.webp,,250,280,,,,,100% Microfibra,,,,,,TRUE,,variant_01KWQ3F3PQD12CEB39NPDRM97S,King,24140403014,,FALSE,TRUE,,,,,,,,,151.9,,Tamaño,King,https://bucket.mach-home.com/30%20Funda%20Plum%C3%B3n%20Morado%20Microfibra/Morado%20Poliester.webp,https://bucket.mach-home.com/30%20Funda%20Plum%C3%B3n%20Morado%20Microfibra/Morado%20Poliester%20(2).webp,https://bucket.mach-home.com/30%20Funda%20Plum%C3%B3n%20Morado%20Microfibra/Morado%20Poliester%20(3).webp,https://bucket.mach-home.com/30%20Funda%20Plum%C3%B3n%20Morado%20Microfibra/Morado%20Poliester%20(4).webp
prod_01KWQ3F3M63CG4Y4PCQC5402A0,fu-plumonco-1-5plz-cuadrosado-alg,Funda Plumón Cuadros Rosa,,"Nuestras fundas de plumón 100% algodón de 200 hilos brindan suavidad, frescura y confort para un descanso más cómodo cada noche. Gracias a su composición hipoalergénica y transpirable, ayudan a absorber la humedad, siendo ideales para usar durante todo el año. Además, cuentan con sujetadores internos que permiten fijar el plumón y evitar que se deslice dentro de la funda, siendo el complemento ideal para usar junto a los plumones MACH HOME.",published,https://bucket.mach-home.com/31%20Funda%20Plum%C3%B3n%20Cuadros%20Rosado/Rosado%20Cuadros%20(1).webp,,230,170,,,,,100% Algodón 200 Hilos,,,,,,TRUE,,variant_01KWQ3F3PQR266W6KSQ6174JSX,1.5 plz,24150303011,,FALSE,TRUE,,,,,,,,,160.9,,Tamaño,1.5 plz,https://bucket.mach-home.com/31%20Funda%20Plum%C3%B3n%20Cuadros%20Rosado/Rosado%20Cuadros%20(1).webp,https://bucket.mach-home.com/31%20Funda%20Plum%C3%B3n%20Cuadros%20Rosado/Rosado%20Cuadros%20(2).webp,https://bucket.mach-home.com/31%20Funda%20Plum%C3%B3n%20Cuadros%20Rosado/Rosado%20Cuadros%20(3).webp,https://bucket.mach-home.com/31%20Funda%20Plum%C3%B3n%20Cuadros%20Rosado/Rosado%20Cuadros%20(4).webp
prod_01KWQ3F3M6QS4AQ6N3AF2ESBR9,fu-plumonco-2plz-cuadrosado-alg,Funda Plumón Cuadros Rosa,,"Nuestras fundas de plumón 100% algodón de 200 hilos brindan suavidad, frescura y confort para un descanso más cómodo cada noche. Gracias a su composición hipoalergénica y transpirable, ayudan a absorber la humedad, siendo ideales para usar durante todo el año. Además, cuentan con sujetadores internos que permiten fijar el plumón y evitar que se deslice dentro de la funda, siendo el complemento ideal para usar junto a los plumones MACH HOME.",published,https://bucket.mach-home.com/31%20Funda%20Plum%C3%B3n%20Cuadros%20Rosado/Rosado%20Cuadros%20(1).webp,,230,200,,,,,100% Algodón 200 Hilos,,,,,,TRUE,,variant_01KWQ3F3PQ4MWYW4ZJYAPN13C5,2 plz,24150303012,,FALSE,TRUE,,,,,,,,,193.9,,Tamaño,2 plz,https://bucket.mach-home.com/31%20Funda%20Plum%C3%B3n%20Cuadros%20Rosado/Rosado%20Cuadros%20(1).webp,https://bucket.mach-home.com/31%20Funda%20Plum%C3%B3n%20Cuadros%20Rosado/Rosado%20Cuadros%20(2).webp,https://bucket.mach-home.com/31%20Funda%20Plum%C3%B3n%20Cuadros%20Rosado/Rosado%20Cuadros%20(3).webp,https://bucket.mach-home.com/31%20Funda%20Plum%C3%B3n%20Cuadros%20Rosado/Rosado%20Cuadros%20(4).webp
prod_01KWQ3F3M6Q4DT6DZQNC9HGXJ5,fu-plumonco-queen-cuadrosado-alg,Funda Plumón Cuadros Rosa,,"Nuestras fundas de plumón 100% algodón de 200 hilos brindan suavidad, frescura y confort para un descanso más cómodo cada noche. Gracias a su composición hipoalergénica y transpirable, ayudan a absorber la humedad, siendo ideales para usar durante todo el año. Además, cuentan con sujetadores internos que permiten fijar el plumón y evitar que se deslice dentro de la funda, siendo el complemento ideal para usar junto a los plumones MACH HOME.",published,https://bucket.mach-home.com/31%20Funda%20Plum%C3%B3n%20Cuadros%20Rosado/Rosado%20Cuadros%20(1).webp,,250,235,,,,,100% Algodón 200 Hilos,,,,,,TRUE,,variant_01KWQ3F3PQKSZGDP5F96JX4C5N,Queen,24150303013,,FALSE,TRUE,,,,,,,,,229.9,,Tamaño,Queen,https://bucket.mach-home.com/31%20Funda%20Plum%C3%B3n%20Cuadros%20Rosado/Rosado%20Cuadros%20(1).webp,https://bucket.mach-home.com/31%20Funda%20Plum%C3%B3n%20Cuadros%20Rosado/Rosado%20Cuadros%20(2).webp,https://bucket.mach-home.com/31%20Funda%20Plum%C3%B3n%20Cuadros%20Rosado/Rosado%20Cuadros%20(3).webp,https://bucket.mach-home.com/31%20Funda%20Plum%C3%B3n%20Cuadros%20Rosado/Rosado%20Cuadros%20(4).webp
prod_01KWQ3F3M6PRP50JYFH3JVXE4M,fu-plumonco-king-cuadrosado-alg,Funda Plumón Cuadros Rosa,,"Nuestras fundas de plumón 100% algodón de 200 hilos brindan suavidad, frescura y confort para un descanso más cómodo cada noche. Gracias a su composición hipoalergénica y transpirable, ayudan a absorber la humedad, siendo ideales para usar durante todo el año. Además, cuentan con sujetadores internos que permiten fijar el plumón y evitar que se deslice dentro de la funda, siendo el complemento ideal para usar junto a los plumones MACH HOME.",published,https://bucket.mach-home.com/31%20Funda%20Plum%C3%B3n%20Cuadros%20Rosado/Rosado%20Cuadros%20(1).webp,,250,280,,,,,100% Algodón 200 Hilos,,,,,,TRUE,,variant_01KWQ3F3PQB7XNS22EV2JJDEDW,King,24150303014,,FALSE,TRUE,,,,,,,,,257.9,,Tamaño,King,https://bucket.mach-home.com/31%20Funda%20Plum%C3%B3n%20Cuadros%20Rosado/Rosado%20Cuadros%20(1).webp,https://bucket.mach-home.com/31%20Funda%20Plum%C3%B3n%20Cuadros%20Rosado/Rosado%20Cuadros%20(2).webp,https://bucket.mach-home.com/31%20Funda%20Plum%C3%B3n%20Cuadros%20Rosado/Rosado%20Cuadros%20(3).webp,https://bucket.mach-home.com/31%20Funda%20Plum%C3%B3n%20Cuadros%20Rosado/Rosado%20Cuadros%20(4).webp
prod_01KWQ3F3M6N34C4FAMB9MW7Y08,fu-plumonco-1-5plz-plumas-alg,Funda Plumón Plumas,,"Nuestras fundas de plumón 100% algodón de 200 hilos brindan suavidad, frescura y confort para un descanso más cómodo cada noche. Gracias a su composición hipoalergénica y transpirable, ayudan a absorber la humedad, siendo ideales para usar durante todo el año. Además, cuentan con sujetadores internos que permiten fijar el plumón y evitar que se deslice dentro de la funda, siendo el complemento ideal para usar junto a los plumones MACH HOME.",published,https://bucket.mach-home.com/32%20Funda%20Plum%C3%B3n%20Plumas/Plumas.webp,,230,170,,,,,100% Algodón 200 Hilos,,,,,,TRUE,,variant_01KWQ3F3PQHAW6AN3XFFTWQFW8,1.5 plz,24160303011,,FALSE,TRUE,,,,,,,,,160.9,,Tamaño,1.5 plz,https://bucket.mach-home.com/32%20Funda%20Plum%C3%B3n%20Plumas/Plumas.webp,https://bucket.mach-home.com/32%20Funda%20Plum%C3%B3n%20Plumas/Plumas%20(2).webp,https://bucket.mach-home.com/32%20Funda%20Plum%C3%B3n%20Plumas/Plumas%20(3).webp,https://bucket.mach-home.com/32%20Funda%20Plum%C3%B3n%20Plumas/Plumas%20(4).webp
prod_01KWQ3F3M6YGEDR2RE1MKW69V2,fu-plumonco-2plz-plumas-alg,Funda Plumón Plumas,,"Nuestras fundas de plumón 100% algodón de 200 hilos brindan suavidad, frescura y confort para un descanso más cómodo cada noche. Gracias a su composición hipoalergénica y transpirable, ayudan a absorber la humedad, siendo ideales para usar durante todo el año. Además, cuentan con sujetadores internos que permiten fijar el plumón y evitar que se deslice dentro de la funda, siendo el complemento ideal para usar junto a los plumones MACH HOME.",published,https://bucket.mach-home.com/32%20Funda%20Plum%C3%B3n%20Plumas/Plumas.webp,,230,200,,,,,100% Algodón 200 Hilos,,,,,,TRUE,,variant_01KWQ3F3PQTKVX9NVP8DVJGR58,2 plz,24160303012,,FALSE,TRUE,,,,,,,,,193.9,,Tamaño,2 plz,https://bucket.mach-home.com/32%20Funda%20Plum%C3%B3n%20Plumas/Plumas.webp,https://bucket.mach-home.com/32%20Funda%20Plum%C3%B3n%20Plumas/Plumas%20(2).webp,https://bucket.mach-home.com/32%20Funda%20Plum%C3%B3n%20Plumas/Plumas%20(3).webp,https://bucket.mach-home.com/32%20Funda%20Plum%C3%B3n%20Plumas/Plumas%20(4).webp
prod_01KWQ3F3M6JYDQMW57V7DZP1TD,fu-plumonco-queen-plumas-alg,Funda Plumón Plumas,,"Nuestras fundas de plumón 100% algodón de 200 hilos brindan suavidad, frescura y confort para un descanso más cómodo cada noche. Gracias a su composición hipoalergénica y transpirable, ayudan a absorber la humedad, siendo ideales para usar durante todo el año. Además, cuentan con sujetadores internos que permiten fijar el plumón y evitar que se deslice dentro de la funda, siendo el complemento ideal para usar junto a los plumones MACH HOME.",published,https://bucket.mach-home.com/32%20Funda%20Plum%C3%B3n%20Plumas/Plumas.webp,,250,235,,,,,100% Algodón 200 Hilos,,,,,,TRUE,,variant_01KWQ3F3PQEY5KJ3JCRX24EGSX,Queen,24160303013,,FALSE,TRUE,,,,,,,,,229.9,,Tamaño,Queen,https://bucket.mach-home.com/32%20Funda%20Plum%C3%B3n%20Plumas/Plumas.webp,https://bucket.mach-home.com/32%20Funda%20Plum%C3%B3n%20Plumas/Plumas%20(2).webp,https://bucket.mach-home.com/32%20Funda%20Plum%C3%B3n%20Plumas/Plumas%20(3).webp,https://bucket.mach-home.com/32%20Funda%20Plum%C3%B3n%20Plumas/Plumas%20(4).webp
prod_01KWQ3F3M664YBBZKE9BH52GJ5,fu-plumonco-king-plumas-alg,Funda Plumón Plumas,,"Nuestras fundas de plumón 100% algodón de 200 hilos brindan suavidad, frescura y confort para un descanso más cómodo cada noche. Gracias a su composición hipoalergénica y transpirable, ayudan a absorber la humedad, siendo ideales para usar durante todo el año. Además, cuentan con sujetadores internos que permiten fijar el plumón y evitar que se deslice dentro de la funda, siendo el complemento ideal para usar junto a los plumones MACH HOME.",published,https://bucket.mach-home.com/32%20Funda%20Plum%C3%B3n%20Plumas/Plumas.webp,,250,280,,,,,100% Algodón 200 Hilos,,,,,,TRUE,,variant_01KWQ3F3PQ5G5P45EWVWH916NN,King,24160303014,,FALSE,TRUE,,,,,,,,,257.9,,Tamaño,King,https://bucket.mach-home.com/32%20Funda%20Plum%C3%B3n%20Plumas/Plumas.webp,https://bucket.mach-home.com/32%20Funda%20Plum%C3%B3n%20Plumas/Plumas%20(2).webp,https://bucket.mach-home.com/32%20Funda%20Plum%C3%B3n%20Plumas/Plumas%20(3).webp,https://bucket.mach-home.com/32%20Funda%20Plum%C3%B3n%20Plumas/Plumas%20(4).webp
prod_01KWQ3F3M6VYXS1C448Q6S400V,fu-plumonco-1-5plz-squares-alg,Funda Plumón Squares,,"Nuestras fundas de plumón 100% algodón de 200 hilos brindan suavidad, frescura y confort para un descanso más cómodo cada noche. Gracias a su composición hipoalergénica y transpirable, ayudan a absorber la humedad, siendo ideales para usar durante todo el año. Además, cuentan con sujetadores internos que permiten fijar el plumón y evitar que se deslice dentro de la funda, siendo el complemento ideal para usar junto a los plumones MACH HOME.",published,https://bucket.mach-home.com/33%20Funda%20Plum%C3%B3n%20Squares/Squares.webp,,230,170,,,,,100% Algodón 200 Hilos,,,,,,TRUE,,variant_01KWQ3F3PQK4WKB2PWSNF0DXX1,1.5 plz,24170303011,,FALSE,TRUE,,,,,,,,,160.9,,Tamaño,1.5 plz,https://bucket.mach-home.com/33%20Funda%20Plum%C3%B3n%20Squares/Squares.webp,https://bucket.mach-home.com/33%20Funda%20Plum%C3%B3n%20Squares/Squares%20(2).webp,https://bucket.mach-home.com/33%20Funda%20Plum%C3%B3n%20Squares/Squares%20(3).webp,https://bucket.mach-home.com/33%20Funda%20Plum%C3%B3n%20Squares/Squares%20(4).webp
prod_01KWQ3F3M69AA16YSGVJXBYY3C,fu-plumonco-2plz-squares-alg,Funda Plumón Squares,,"Nuestras fundas de plumón 100% algodón de 200 hilos brindan suavidad, frescura y confort para un descanso más cómodo cada noche. Gracias a su composición hipoalergénica y transpirable, ayudan a absorber la humedad, siendo ideales para usar durante todo el año. Además, cuentan con sujetadores internos que permiten fijar el plumón y evitar que se deslice dentro de la funda, siendo el complemento ideal para usar junto a los plumones MACH HOME.",published,https://bucket.mach-home.com/33%20Funda%20Plum%C3%B3n%20Squares/Squares.webp,,230,200,,,,,100% Algodón 200 Hilos,,,,,,TRUE,,variant_01KWQ3F3PQPB52NEVAXGYAZBF3,2 plz,24170303012,,FALSE,TRUE,,,,,,,,,193.9,,Tamaño,2 plz,https://bucket.mach-home.com/33%20Funda%20Plum%C3%B3n%20Squares/Squares.webp,https://bucket.mach-home.com/33%20Funda%20Plum%C3%B3n%20Squares/Squares%20(2).webp,https://bucket.mach-home.com/33%20Funda%20Plum%C3%B3n%20Squares/Squares%20(3).webp,https://bucket.mach-home.com/33%20Funda%20Plum%C3%B3n%20Squares/Squares%20(4).webp
prod_01KWQ3F3M6ARV0NHXAYH7PVPQH,fu-plumonco-queen-squares-alg,Funda Plumón Squares,,"Nuestras fundas de plumón 100% algodón de 200 hilos brindan suavidad, frescura y confort para un descanso más cómodo cada noche. Gracias a su composición hipoalergénica y transpirable, ayudan a absorber la humedad, siendo ideales para usar durante todo el año. Además, cuentan con sujetadores internos que permiten fijar el plumón y evitar que se deslice dentro de la funda, siendo el complemento ideal para usar junto a los plumones MACH HOME.",published,https://bucket.mach-home.com/33%20Funda%20Plum%C3%B3n%20Squares/Squares.webp,,250,235,,,,,100% Algodón 200 Hilos,,,,,,TRUE,,variant_01KWQ3F3PQGQYA51WAW3NZRN8T,Queen,24170303013,,FALSE,TRUE,,,,,,,,,229.9,,Tamaño,Queen,https://bucket.mach-home.com/33%20Funda%20Plum%C3%B3n%20Squares/Squares.webp,https://bucket.mach-home.com/33%20Funda%20Plum%C3%B3n%20Squares/Squares%20(2).webp,https://bucket.mach-home.com/33%20Funda%20Plum%C3%B3n%20Squares/Squares%20(3).webp,https://bucket.mach-home.com/33%20Funda%20Plum%C3%B3n%20Squares/Squares%20(4).webp
prod_01KWQ3F3M6PW5J42NHCW91KJWJ,fu-plumonco-king-squares-alg,Funda Plumón Squares,,"Nuestras fundas de plumón 100% algodón de 200 hilos brindan suavidad, frescura y confort para un descanso más cómodo cada noche. Gracias a su composición hipoalergénica y transpirable, ayudan a absorber la humedad, siendo ideales para usar durante todo el año. Además, cuentan con sujetadores internos que permiten fijar el plumón y evitar que se deslice dentro de la funda, siendo el complemento ideal para usar junto a los plumones MACH HOME.",published,https://bucket.mach-home.com/33%20Funda%20Plum%C3%B3n%20Squares/Squares.webp,,250,280,,,,,100% Algodón 200 Hilos,,,,,,TRUE,,variant_01KWQ3F3PQCPJWKDVZ0JZXGJX5,King,24170303014,,FALSE,TRUE,,,,,,,,,257.9,,Tamaño,King,https://bucket.mach-home.com/33%20Funda%20Plum%C3%B3n%20Squares/Squares.webp,https://bucket.mach-home.com/33%20Funda%20Plum%C3%B3n%20Squares/Squares%20(2).webp,https://bucket.mach-home.com/33%20Funda%20Plum%C3%B3n%20Squares/Squares%20(3).webp,https://bucket.mach-home.com/33%20Funda%20Plum%C3%B3n%20Squares/Squares%20(4).webp
prod_01KWQ3F3M60E9Z7BGREXRFMQFS,fu-plumonco-1-5plz-cuadazul-alg,Funda Plumón Cuadros Azul,,"Nuestras fundas de plumón 100% algodón de 200 hilos brindan suavidad, frescura y confort para un descanso más cómodo cada noche. Gracias a su composición hipoalergénica y transpirable, ayudan a absorber la humedad, siendo ideales para usar durante todo el año. Además, cuentan con sujetadores internos que permiten fijar el plumón y evitar que se deslice dentro de la funda, siendo el complemento ideal para usar junto a los plumones MACH HOME.",published,https://bucket.mach-home.com/34%20Funda%20Plum%C3%B3n%20Cuadros%20Azul/Cuadros%20Azul.webp,,230,170,,,,,100% Algodón 200 Hilos,,,,,,TRUE,,variant_01KWQ3F3PQNFWRT6DDQYBEHZBD,1.5 plz,24180303011,,FALSE,TRUE,,,,,,,,,160.9,,Tamaño,1.5 plz,https://bucket.mach-home.com/34%20Funda%20Plum%C3%B3n%20Cuadros%20Azul/Cuadros%20Azul.webp,https://bucket.mach-home.com/34%20Funda%20Plum%C3%B3n%20Cuadros%20Azul/Cuadros%20Azul%20(2).webp,https://bucket.mach-home.com/34%20Funda%20Plum%C3%B3n%20Cuadros%20Azul/Cuadros%20Azul%20(3).webp,https://bucket.mach-home.com/34%20Funda%20Plum%C3%B3n%20Cuadros%20Azul/Cuadros%20Azul%20(4).webp
prod_01KWQ3F3M6JJAR0SGHS3RRH61Y,fu-plumonco-2plz-cuadazul-alg,Funda Plumón Cuadros Azul,,"Nuestras fundas de plumón 100% algodón de 200 hilos brindan suavidad, frescura y confort para un descanso más cómodo cada noche. Gracias a su composición hipoalergénica y transpirable, ayudan a absorber la humedad, siendo ideales para usar durante todo el año. Además, cuentan con sujetadores internos que permiten fijar el plumón y evitar que se deslice dentro de la funda, siendo el complemento ideal para usar junto a los plumones MACH HOME.",published,https://bucket.mach-home.com/34%20Funda%20Plum%C3%B3n%20Cuadros%20Azul/Cuadros%20Azul.webp,,230,200,,,,,100% Algodón 200 Hilos,,,,,,TRUE,,variant_01KWQ3F3PQ8CNXZF5ZSKDK10Z0,2 plz,24180303012,,FALSE,TRUE,,,,,,,,,193.9,,Tamaño,2 plz,https://bucket.mach-home.com/34%20Funda%20Plum%C3%B3n%20Cuadros%20Azul/Cuadros%20Azul.webp,https://bucket.mach-home.com/34%20Funda%20Plum%C3%B3n%20Cuadros%20Azul/Cuadros%20Azul%20(2).webp,https://bucket.mach-home.com/34%20Funda%20Plum%C3%B3n%20Cuadros%20Azul/Cuadros%20Azul%20(3).webp,https://bucket.mach-home.com/34%20Funda%20Plum%C3%B3n%20Cuadros%20Azul/Cuadros%20Azul%20(4).webp
prod_01KWQ3F3M6YQBA11V0NS3AV76A,fu-plumonco-queen-cuadazul-alg,Funda Plumón Cuadros Azul,,"Nuestras fundas de plumón 100% algodón de 200 hilos brindan suavidad, frescura y confort para un descanso más cómodo cada noche. Gracias a su composición hipoalergénica y transpirable, ayudan a absorber la humedad, siendo ideales para usar durante todo el año. Además, cuentan con sujetadores internos que permiten fijar el plumón y evitar que se deslice dentro de la funda, siendo el complemento ideal para usar junto a los plumones MACH HOME.",published,https://bucket.mach-home.com/34%20Funda%20Plum%C3%B3n%20Cuadros%20Azul/Cuadros%20Azul.webp,,250,235,,,,,100% Algodón 200 Hilos,,,,,,TRUE,,variant_01KWQ3F3PQX1M0Z3MVK9566J3Z,Queen,24180303013,,FALSE,TRUE,,,,,,,,,229.9,,Tamaño,Queen,https://bucket.mach-home.com/34%20Funda%20Plum%C3%B3n%20Cuadros%20Azul/Cuadros%20Azul.webp,https://bucket.mach-home.com/34%20Funda%20Plum%C3%B3n%20Cuadros%20Azul/Cuadros%20Azul%20(2).webp,https://bucket.mach-home.com/34%20Funda%20Plum%C3%B3n%20Cuadros%20Azul/Cuadros%20Azul%20(3).webp,https://bucket.mach-home.com/34%20Funda%20Plum%C3%B3n%20Cuadros%20Azul/Cuadros%20Azul%20(4).webp
prod_01KWQ3F3M6CY2XKWJ21DMXTKA1,fu-plumonco-king-cuadazul-alg,Funda Plumón Cuadros Azul,,"Nuestras fundas de plumón 100% algodón de 200 hilos brindan suavidad, frescura y confort para un descanso más cómodo cada noche. Gracias a su composición hipoalergénica y transpirable, ayudan a absorber la humedad, siendo ideales para usar durante todo el año. Además, cuentan con sujetadores internos que permiten fijar el plumón y evitar que se deslice dentro de la funda, siendo el complemento ideal para usar junto a los plumones MACH HOME.",published,https://bucket.mach-home.com/34%20Funda%20Plum%C3%B3n%20Cuadros%20Azul/Cuadros%20Azul.webp,,250,280,,,,,100% Algodón 200 Hilos,,,,,,TRUE,,variant_01KWQ3F3PQVZDKV3EPB4Q1JQZV,King,24180303014,,FALSE,TRUE,,,,,,,,,257.9,,Tamaño,King,https://bucket.mach-home.com/34%20Funda%20Plum%C3%B3n%20Cuadros%20Azul/Cuadros%20Azul.webp,https://bucket.mach-home.com/34%20Funda%20Plum%C3%B3n%20Cuadros%20Azul/Cuadros%20Azul%20(2).webp,https://bucket.mach-home.com/34%20Funda%20Plum%C3%B3n%20Cuadros%20Azul/Cuadros%20Azul%20(3).webp,https://bucket.mach-home.com/34%20Funda%20Plum%C3%B3n%20Cuadros%20Azul/Cuadros%20Azul%20(4).webp
prod_01KWQ3F3M6ENHAVWD43KXZB8GD,fu-plumonco-1-5plz-rayasclasicasbn-pes,Funda Plumón Rayas Clasicas,,"Nuestras fundas de plumón de microfibra destacan por su suavidad, ligereza y fácil mantenimiento, brindando una experiencia de descanso cómoda y acogedora. Su tejido resistente ayuda a conservar su apariencia lavado tras lavado, mientras que sus sujetadores internos permiten fijar el plumón y evitar desplazamientos dentro de la funda. Son el complemento ideal para usar junto a los plumones MACH HOME y disfrutar de una cama siempre ordenada y confortable.",published,https://bucket.mach-home.com/36%20Funda%20Plum%C3%B3n%20Rayas%20Clasicas%20BN/Rayas%20Clasicas%20B_N.webp,,230,170,,,,,100% Microfibra,,,,,,TRUE,,variant_01KWQ3F3PQGK88DVQPVGKBS6QF,1.5 plz,24190403011,,FALSE,TRUE,,,,,,,,,98.9,,Tamaño,1.5 plz,https://bucket.mach-home.com/36%20Funda%20Plum%C3%B3n%20Rayas%20Clasicas%20BN/Rayas%20Clasicas%20B_N.webp,https://bucket.mach-home.com/36%20Funda%20Plum%C3%B3n%20Rayas%20Clasicas%20BN/Rayas%20Clasicas%20B_N%20(2).webp,https://bucket.mach-home.com/36%20Funda%20Plum%C3%B3n%20Rayas%20Clasicas%20BN/Rayas%20Clasicas%20B_N%20(3).webp,https://bucket.mach-home.com/36%20Funda%20Plum%C3%B3n%20Rayas%20Clasicas%20BN/Rayas%20Clasicas%20B_N%20(4).webp
prod_01KWQ3F3M695BFAG7J1WMH83SS,fu-plumonco-2plz-rayasclasicasbn-pes,Funda Plumón Rayas Clasicas,,"Nuestras fundas de plumón de microfibra destacan por su suavidad, ligereza y fácil mantenimiento, brindando una experiencia de descanso cómoda y acogedora. Su tejido resistente ayuda a conservar su apariencia lavado tras lavado, mientras que sus sujetadores internos permiten fijar el plumón y evitar desplazamientos dentro de la funda. Son el complemento ideal para usar junto a los plumones MACH HOME y disfrutar de una cama siempre ordenada y confortable.",published,https://bucket.mach-home.com/36%20Funda%20Plum%C3%B3n%20Rayas%20Clasicas%20BN/Rayas%20Clasicas%20B_N.webp,,230,200,,,,,100% Microfibra,,,,,,TRUE,,variant_01KWQ3F3PQP7Z33VZRY7W11RKE,2 plz,24190403012,,FALSE,TRUE,,,,,,,,,118.9,,Tamaño,2 plz,https://bucket.mach-home.com/36%20Funda%20Plum%C3%B3n%20Rayas%20Clasicas%20BN/Rayas%20Clasicas%20B_N.webp,https://bucket.mach-home.com/36%20Funda%20Plum%C3%B3n%20Rayas%20Clasicas%20BN/Rayas%20Clasicas%20B_N%20(2).webp,https://bucket.mach-home.com/36%20Funda%20Plum%C3%B3n%20Rayas%20Clasicas%20BN/Rayas%20Clasicas%20B_N%20(3).webp,https://bucket.mach-home.com/36%20Funda%20Plum%C3%B3n%20Rayas%20Clasicas%20BN/Rayas%20Clasicas%20B_N%20(4).webp
prod_01KWQ3F3M6H6TY2ZR7KX9JXD68,fu-plumonco-queen-rayasclasicasbn-pes,Funda Plumón Rayas Clasicas,,"Nuestras fundas de plumón de microfibra destacan por su suavidad, ligereza y fácil mantenimiento, brindando una experiencia de descanso cómoda y acogedora. Su tejido resistente ayuda a conservar su apariencia lavado tras lavado, mientras que sus sujetadores internos permiten fijar el plumón y evitar desplazamientos dentro de la funda. Son el complemento ideal para usar junto a los plumones MACH HOME y disfrutar de una cama siempre ordenada y confortable.",published,https://bucket.mach-home.com/36%20Funda%20Plum%C3%B3n%20Rayas%20Clasicas%20BN/Rayas%20Clasicas%20B_N.webp,,250,235,,,,,100% Microfibra,,,,,,TRUE,,variant_01KWQ3F3PQCXN87SG78VR17B53,Queen,24190403013,,FALSE,TRUE,,,,,,,,,138.9,,Tamaño,Queen,https://bucket.mach-home.com/36%20Funda%20Plum%C3%B3n%20Rayas%20Clasicas%20BN/Rayas%20Clasicas%20B_N.webp,https://bucket.mach-home.com/36%20Funda%20Plum%C3%B3n%20Rayas%20Clasicas%20BN/Rayas%20Clasicas%20B_N%20(2).webp,https://bucket.mach-home.com/36%20Funda%20Plum%C3%B3n%20Rayas%20Clasicas%20BN/Rayas%20Clasicas%20B_N%20(3).webp,https://bucket.mach-home.com/36%20Funda%20Plum%C3%B3n%20Rayas%20Clasicas%20BN/Rayas%20Clasicas%20B_N%20(4).webp
prod_01KWQ3F3M6RW0JSQDFEMPCP4VT,fu-plumonco-king-rayasclasicasbn-pes,Funda Plumón Rayas Clasicas,,"Nuestras fundas de plumón de microfibra destacan por su suavidad, ligereza y fácil mantenimiento, brindando una experiencia de descanso cómoda y acogedora. Su tejido resistente ayuda a conservar su apariencia lavado tras lavado, mientras que sus sujetadores internos permiten fijar el plumón y evitar desplazamientos dentro de la funda. Son el complemento ideal para usar junto a los plumones MACH HOME y disfrutar de una cama siempre ordenada y confortable.",published,https://bucket.mach-home.com/36%20Funda%20Plum%C3%B3n%20Rayas%20Clasicas%20BN/Rayas%20Clasicas%20B_N.webp,,250,280,,,,,100% Microfibra,,,,,,TRUE,,variant_01KWQ3F3PQ90BBQS0DH23R5YF8,King,24190403014,,FALSE,TRUE,,,,,,,,,158.9,,Tamaño,King,https://bucket.mach-home.com/36%20Funda%20Plum%C3%B3n%20Rayas%20Clasicas%20BN/Rayas%20Clasicas%20B_N.webp,https://bucket.mach-home.com/36%20Funda%20Plum%C3%B3n%20Rayas%20Clasicas%20BN/Rayas%20Clasicas%20B_N%20(2).webp,https://bucket.mach-home.com/36%20Funda%20Plum%C3%B3n%20Rayas%20Clasicas%20BN/Rayas%20Clasicas%20B_N%20(3).webp,https://bucket.mach-home.com/36%20Funda%20Plum%C3%B3n%20Rayas%20Clasicas%20BN/Rayas%20Clasicas%20B_N%20(4).webp
prod_01KWQ3F3M635ZK23VC3FNQ9E8W,fu-plumonco-1-5plz-vichyarcilla-pes,Funda Plumón Vichy Arcilla,,"Nuestras fundas de plumón de microfibra destacan por su suavidad, ligereza y fácil mantenimiento, brindando una experiencia de descanso cómoda y acogedora. Su tejido resistente ayuda a conservar su apariencia lavado tras lavado, mientras que sus sujetadores internos permiten fijar el plumón y evitar desplazamientos dentro de la funda. Son el complemento ideal para usar junto a los plumones MACH HOME y disfrutar de una cama siempre ordenada y confortable.",published,https://bucket.mach-home.com/35%20Funda%20Plum%C3%B3n%20Vichi%20Arcilla/Vichy%20Arcilla.webp,,230,170,,,,,100% Microfibra,,,,,,TRUE,,variant_01KWQ3F3PQ1JC8XG73QAF10ZVA,1.5 plz,24200403011,,FALSE,TRUE,,,,,,,,,98.9,,Tamaño,1.5 plz,https://bucket.mach-home.com/35%20Funda%20Plum%C3%B3n%20Vichi%20Arcilla/Vichy%20Arcilla.webp,https://bucket.mach-home.com/35%20Funda%20Plum%C3%B3n%20Vichi%20Arcilla/Vichy%20Arcilla%20(2).webp,https://bucket.mach-home.com/35%20Funda%20Plum%C3%B3n%20Vichi%20Arcilla/Vichy%20Arcilla%20(3).webp,https://bucket.mach-home.com/35%20Funda%20Plum%C3%B3n%20Vichi%20Arcilla/Vichy%20Arcilla%20(4).webp
prod_01KWQ3F3M6RB9HF0BFYE3S6DTS,fu-plumonco-2plz-vichyarcilla-pes,Funda Plumón Vichy Arcilla,,"Nuestras fundas de plumón de microfibra destacan por su suavidad, ligereza y fácil mantenimiento, brindando una experiencia de descanso cómoda y acogedora. Su tejido resistente ayuda a conservar su apariencia lavado tras lavado, mientras que sus sujetadores internos permiten fijar el plumón y evitar desplazamientos dentro de la funda. Son el complemento ideal para usar junto a los plumones MACH HOME y disfrutar de una cama siempre ordenada y confortable.",published,https://bucket.mach-home.com/35%20Funda%20Plum%C3%B3n%20Vichi%20Arcilla/Vichy%20Arcilla.webp,,230,200,,,,,100% Microfibra,,,,,,TRUE,,variant_01KWQ3F3PQEW52D7MEHBZWXN6F,2 plz,24200403012,,FALSE,TRUE,,,,,,,,,118.9,,Tamaño,2 plz,https://bucket.mach-home.com/35%20Funda%20Plum%C3%B3n%20Vichi%20Arcilla/Vichy%20Arcilla.webp,https://bucket.mach-home.com/35%20Funda%20Plum%C3%B3n%20Vichi%20Arcilla/Vichy%20Arcilla%20(2).webp,https://bucket.mach-home.com/35%20Funda%20Plum%C3%B3n%20Vichi%20Arcilla/Vichy%20Arcilla%20(3).webp,https://bucket.mach-home.com/35%20Funda%20Plum%C3%B3n%20Vichi%20Arcilla/Vichy%20Arcilla%20(4).webp
prod_01KWQ3F3M6RNMW9KMDKXR71D2F,fu-plumonco-queen-vichyarcilla-pes,Funda Plumón Vichy Arcilla,,"Nuestras fundas de plumón de microfibra destacan por su suavidad, ligereza y fácil mantenimiento, brindando una experiencia de descanso cómoda y acogedora. Su tejido resistente ayuda a conservar su apariencia lavado tras lavado, mientras que sus sujetadores internos permiten fijar el plumón y evitar desplazamientos dentro de la funda. Son el complemento ideal para usar junto a los plumones MACH HOME y disfrutar de una cama siempre ordenada y confortable.",published,https://bucket.mach-home.com/35%20Funda%20Plum%C3%B3n%20Vichi%20Arcilla/Vichy%20Arcilla.webp,,250,235,,,,,100% Microfibra,,,,,,TRUE,,variant_01KWQ3F3PQ3AS5A1T29ZDW9KWE,Queen,24200403013,,FALSE,TRUE,,,,,,,,,138.9,,Tamaño,Queen,https://bucket.mach-home.com/35%20Funda%20Plum%C3%B3n%20Vichi%20Arcilla/Vichy%20Arcilla.webp,https://bucket.mach-home.com/35%20Funda%20Plum%C3%B3n%20Vichi%20Arcilla/Vichy%20Arcilla%20(2).webp,https://bucket.mach-home.com/35%20Funda%20Plum%C3%B3n%20Vichi%20Arcilla/Vichy%20Arcilla%20(3).webp,https://bucket.mach-home.com/35%20Funda%20Plum%C3%B3n%20Vichi%20Arcilla/Vichy%20Arcilla%20(4).webp
prod_01KWQ3F3M62HXQTGGK3CQD4Q0S,fu-plumonco-king-vichyarcilla-pes,Funda Plumón Vichy Arcilla,,"Nuestras fundas de plumón de microfibra destacan por su suavidad, ligereza y fácil mantenimiento, brindando una experiencia de descanso cómoda y acogedora. Su tejido resistente ayuda a conservar su apariencia lavado tras lavado, mientras que sus sujetadores internos permiten fijar el plumón y evitar desplazamientos dentro de la funda. Son el complemento ideal para usar junto a los plumones MACH HOME y disfrutar de una cama siempre ordenada y confortable.",published,https://bucket.mach-home.com/35%20Funda%20Plum%C3%B3n%20Vichi%20Arcilla/Vichy%20Arcilla.webp,,250,280,,,,,100% Microfibra,,,,,,TRUE,,variant_01KWQ3F3PQE194EWBJP31QXHFV,King,24200403014,,FALSE,TRUE,,,,,,,,,158.9,,Tamaño,King,https://bucket.mach-home.com/35%20Funda%20Plum%C3%B3n%20Vichi%20Arcilla/Vichy%20Arcilla.webp,https://bucket.mach-home.com/35%20Funda%20Plum%C3%B3n%20Vichi%20Arcilla/Vichy%20Arcilla%20(2).webp,https://bucket.mach-home.com/35%20Funda%20Plum%C3%B3n%20Vichi%20Arcilla/Vichy%20Arcilla%20(3).webp,https://bucket.mach-home.com/35%20Funda%20Plum%C3%B3n%20Vichi%20Arcilla/Vichy%20Arcilla%20(4).webp
prod_01KWQ3F3M671H77C8W1YW4D7NR,fu-plumonco-1-5plz-vichimaritimo-pes,Funda Plumón Vichy Maritima,,"Nuestras fundas de plumón de microfibra destacan por su suavidad, ligereza y fácil mantenimiento, brindando una experiencia de descanso cómoda y acogedora. Su tejido resistente ayuda a conservar su apariencia lavado tras lavado, mientras que sus sujetadores internos permiten fijar el plumón y evitar desplazamientos dentro de la funda. Son el complemento ideal para usar junto a los plumones MACH HOME y disfrutar de una cama siempre ordenada y confortable.",published,https://bucket.mach-home.com/37%20Funda%20Plum%C3%B3n%20Vichi%20Maritimo/Vichy%20maritimo.webp,,230,170,,,,,100% Microfibra,,,,,,TRUE,,variant_01KWQ3F3PQFZTQC7JHTATFKFS9,1.5 plz,24180403011,,FALSE,TRUE,,,,,,,,,98.9,,Tamaño,1.5 plz,https://bucket.mach-home.com/37%20Funda%20Plum%C3%B3n%20Vichi%20Maritimo/Vichy%20maritimo.webp,https://bucket.mach-home.com/37%20Funda%20Plum%C3%B3n%20Vichi%20Maritimo/Vichy%20maritimo%20(2).webp,https://bucket.mach-home.com/37%20Funda%20Plum%C3%B3n%20Vichi%20Maritimo/Vichy%20maritimo%20(3).webp,https://bucket.mach-home.com/37%20Funda%20Plum%C3%B3n%20Vichi%20Maritimo/Vichy%20maritimo%20(4).webp
prod_01KWQ3F3M682W4Q70AP6ZRQ7QS,fu-plumonco-2plz-vichimaritimo-pes,Funda Plumón Vichy Maritima,,"Nuestras fundas de plumón de microfibra destacan por su suavidad, ligereza y fácil mantenimiento, brindando una experiencia de descanso cómoda y acogedora. Su tejido resistente ayuda a conservar su apariencia lavado tras lavado, mientras que sus sujetadores internos permiten fijar el plumón y evitar desplazamientos dentro de la funda. Son el complemento ideal para usar junto a los plumones MACH HOME y disfrutar de una cama siempre ordenada y confortable.",published,https://bucket.mach-home.com/37%20Funda%20Plum%C3%B3n%20Vichi%20Maritimo/Vichy%20maritimo.webp,,230,200,,,,,100% Microfibra,,,,,,TRUE,,variant_01KWQ3F3PQVGWN4DBPRY4568V4,2 plz,24180403012,,FALSE,TRUE,,,,,,,,,118.9,,Tamaño,2 plz,https://bucket.mach-home.com/37%20Funda%20Plum%C3%B3n%20Vichi%20Maritimo/Vichy%20maritimo.webp,https://bucket.mach-home.com/37%20Funda%20Plum%C3%B3n%20Vichi%20Maritimo/Vichy%20maritimo%20(2).webp,https://bucket.mach-home.com/37%20Funda%20Plum%C3%B3n%20Vichi%20Maritimo/Vichy%20maritimo%20(3).webp,https://bucket.mach-home.com/37%20Funda%20Plum%C3%B3n%20Vichi%20Maritimo/Vichy%20maritimo%20(4).webp
prod_01KWQ3F3M6JT1X9PCZBNCN8HXY,fu-plumonco-queen-vichimaritimo-pes,Funda Plumón Vichy Maritima,,"Nuestras fundas de plumón de microfibra destacan por su suavidad, ligereza y fácil mantenimiento, brindando una experiencia de descanso cómoda y acogedora. Su tejido resistente ayuda a conservar su apariencia lavado tras lavado, mientras que sus sujetadores internos permiten fijar el plumón y evitar desplazamientos dentro de la funda. Son el complemento ideal para usar junto a los plumones MACH HOME y disfrutar de una cama siempre ordenada y confortable.",published,https://bucket.mach-home.com/37%20Funda%20Plum%C3%B3n%20Vichi%20Maritimo/Vichy%20maritimo.webp,,250,235,,,,,100% Microfibra,,,,,,TRUE,,variant_01KWQ3F3PQVFW1HSRAMKB57CN9,Queen,24180403013,,FALSE,TRUE,,,,,,,,,138.9,,Tamaño,Queen,https://bucket.mach-home.com/37%20Funda%20Plum%C3%B3n%20Vichi%20Maritimo/Vichy%20maritimo.webp,https://bucket.mach-home.com/37%20Funda%20Plum%C3%B3n%20Vichi%20Maritimo/Vichy%20maritimo%20(2).webp,https://bucket.mach-home.com/37%20Funda%20Plum%C3%B3n%20Vichi%20Maritimo/Vichy%20maritimo%20(3).webp,https://bucket.mach-home.com/37%20Funda%20Plum%C3%B3n%20Vichi%20Maritimo/Vichy%20maritimo%20(4).webp
prod_01KWQ3F3M6A0M33GX8PJ1VV8MP,fu-plumonco-king-vichimaritimo-pes,Funda Plumón Vichy Maritima,,"Nuestras fundas de plumón de microfibra destacan por su suavidad, ligereza y fácil mantenimiento, brindando una experiencia de descanso cómoda y acogedora. Su tejido resistente ayuda a conservar su apariencia lavado tras lavado, mientras que sus sujetadores internos permiten fijar el plumón y evitar desplazamientos dentro de la funda. Son el complemento ideal para usar junto a los plumones MACH HOME y disfrutar de una cama siempre ordenada y confortable.",published,https://bucket.mach-home.com/37%20Funda%20Plum%C3%B3n%20Vichi%20Maritimo/Vichy%20maritimo.webp,,250,280,,,,,100% Microfibra,,,,,,TRUE,,variant_01KWQ3F3PQA761QVEV24SQPPBQ,King,24180403014,,FALSE,TRUE,,,,,,,,,158.9,,Tamaño,King,https://bucket.mach-home.com/37%20Funda%20Plum%C3%B3n%20Vichi%20Maritimo/Vichy%20maritimo.webp,https://bucket.mach-home.com/37%20Funda%20Plum%C3%B3n%20Vichi%20Maritimo/Vichy%20maritimo%20(2).webp,https://bucket.mach-home.com/37%20Funda%20Plum%C3%B3n%20Vichi%20Maritimo/Vichy%20maritimo%20(3).webp,https://bucket.mach-home.com/37%20Funda%20Plum%C3%B3n%20Vichi%20Maritimo/Vichy%20maritimo%20(4).webp
